,review_id,date,rating,text,num_likes,Vader_score,Vader_neg,Vader_neu,Vader_pos,TextBlob_sub,Flair_sent,Flair_conf
0,46013347,02/11/2009,4.0,"For some reason, it's not supposed to be cool to like Nigella. I don't care - she has excellent recipes that really work, she's smart and writes amusingly, and she even looks sexy! I suppose the last part is the problem, some version of Legally Blonde syndrome. You'd think people would have got over that by now.Another person who reviewed this book praised the Coq au Rielsing. It is indeed totally excellent - especially if you do what she recommends, and make it the day before you're planning to eat it.",8,0.9629,0.05,0.698,0.253,0.655952380952381,POSITIVE,0.9964
1,160371346,04/11/2011,5.0,This is without a doubt THE BEST COOK BOOK I OWN!!! (no i didnt forget that the cap lock was on) The recipes are reallllllllllllllllllllllllllllllllllllllllllly EASY!!!The recipes are fast!!!The recipes are TASTY!!!Another thing I LOVE about Nidge is her alternative suggestions to ingredients (lets face it we dont all have a fully stocked larder like she does) and the fact that usually ridiculous and odd ingredients are left out dont expect to have to go to a fancy place for the ingredients!Really dumbs down cookery in a GREAT WAY!!!Forget the snobbery in the kitchen open the book and start cooking!!!,6,0.6443,0.124,0.724,0.152,0.5209876543209876,POSITIVE,0.9997
2,9845440,12/02/2007,4.0,"I may never make anything from this cookbook, but it made great reading! Nigella is a funny, smart writer with a killer vocabulary (plaudits? recherche?) as well as her own vocab (e.g. ""spatch"" as a verb meaning ""spoon with a spatula""), so much less annoying than you-know-who and her EVOO. Reading straight through, I find the major themes are: Nigella hates diet food and the concept of restraint in food; Nigella shops online a lot (mentioned in fully half of recipe entries); and Nigella is embarrassed that ""sunblush"" tomatoes are called that.",6,0.2837,0.149,0.683,0.168,0.6029100529100531,POSITIVE,0.9995
3,1420594364,10/19/2015,5.0,"12/24/2021Reread in time for the Holidays. I always make the spiced peaches for with my Holiday ham... cocktail sausages are yummy. Party popcorn is a hit. I like the New Orleans coleslaw and the butternut squash recipe. Seriously .....nothing I have made from this book has been a disappointment....and all are relatively quick and easy. *******************love all the holiday treats and she has great alcoholic drink recipes, her books are so fun to read.",4,0.978,0.019,0.666,0.314,0.5630681818181819,POSITIVE,0.9942
4,64069405,07/19/2009,5.0,"Almost everything I've made from this we've gone back to again and again. The only recipe I wouldn't rate so far is the macaroni, as the one from the Xmas book is infinitely nicer.the quick pork in cider and mustard with gnocchi is sublime. Overall, the effort to results ratio is ideal. Fast, but tasty food...a must have.",4,0.296,0.0,0.962,0.038,0.5857142857142856,POSITIVE,0.9999
5,13146041,01/22/2008,5.0,"some awesome recipes i've already made: baked eggs, chicken cacciatore, banana chocolate smoothie (me and zoe drink those every day for breakfast!)",4,0.6588,0.0,0.827,0.173,0.975,POSITIVE,0.9998
6,96542510,03/31/2010,5.0,"I was actually surprised that Nigella came out with this new cooking concept, making her favorites with short cuts, suddenly being impatient and saving time while still having parties and cooking dinners ever night for her family. Honestly I never found her recipes hard, I enjoyed making everything the proper way but I have to say its fun to find way to cheat I guess, making mousses without all the fancy work, creams and cakes and stews with minimal effort, without hours of baking and slow cooking, using less ingredients ( saves tons of money) and still eating something tasty.Basically this book is filled with recipes one can make for any occasion, best yet for dinner after a hectic day of work, using 4-5 ingredients, simple and still having something to put on the table that is not the same old saver we turn to. Too often it's easy to fall into a comfortable rut and cook the same thing; with this book it is really easy to gently shake things up. Sometimes I read it at work, photocopy pages, stop at the store on my way home and make something new that's different and doesn't require me to spend 2 hours cooking and then washing lots of pots and pans. I think to write this book requires more effort, it's easy to make a complex dish using thirty ingredients, but hard to make something simple that takes the least amounts of effort but is edible. I often pick one recipe, and then make a side of my choice even if it's steamed veggies and dinner is on the table in no time.I have been using this book since last November and some of the my favorites are;Mustard Pork Chops page 11- any meat can be used but pair it with white cannolini beans, simplicity ( 5 ingredients! ) at its highest, actually writing about it now made me decide to make it for dinner tonight, yet again.Steak Slick with Lemon and Thyme - great on some toasted ciabatta bread the next day or as an elegant supper, lemon and thyme seems to be a classic combination, not I make all my steaks this way.Cheese Fondue - Gruyere, Brie, Emmental and Camembert melt into a spectacular and easy dip for anything you can find in the fridge. Some white wine in the sauce and then in the glass to drink with completes this fun dinner.Chocolate Croissants - more fun then I thought to make, sometimes I just make four, with this book there is no need to make thirty servings of something, I often make enough for just one day.Moonblush tomatoes page 126- sour, tangy, roasted and great side to savory dishes, my new favorite. I find it goes great with eggs for breakfast!Irish Cream Tiramisu - wow, interesting and make sure to reserve a nap after, packs a punch!There are stir-fries, galettes, cakes, burgers, all sorts of meats and pastas, each page has a tiny recipe with a gorgeous picture, and this book is actually very useful and makes cooking fun especially to see how the short cuts turn out. I mean if the short list of ingredients doesn't make one want to cook out of it then the pictures will, and it's nice to have a cookbook that is always used versus having one recipe in it that I have to turn to. Nigella throws things together in a beautiful way, after reading and cooking her recipes to me they are as natural as breathing and they pretty much always turn out perfect! Now that is a feat, I haven't had to apologize for making something new to anyone and it's easy to see that her ingredient pairing choices are well through out and put together.",3,0.999,0.037,0.77,0.194,0.5247693774479488,POSITIVE,0.9925
7,72865936,09/29/2009,3.0,"I don't often review cookbooks. In fact, I almost never review them, but I felt this one deserved a mention. I first became interested in Nigella Lawson's type of cooking through her TV program, Nigella Bites. She has a way of going through a recipe in a few, simple, sensual steps that is very attractive. Her recipes are usually full of flavour and are quick to prepare.Quick is what I like (in addition to the sensual part of cooking), so I picked up Nigella Express. Overall, the book meets it's title. Most of the recipes take less than a half hour to prepare. Her Crab and Avocado Salad with Japanese Dressing is refreshing and flavorful. She mixes Scallops and Chorizo for a quick, different and colorful meal. The Layered Salad with Roast Quail and the Buttermilk Roast Chicken are again very simple but full of flavour. Her Lamb Cutlets with Chilli and Black Olives are to die for.The only two criticisms I have is that here recipes are often too loaded with fat and that the book contains entirely too many desserts. Regardless, every recipe I've tried so far is a keeper.",3,0.5251,0.04,0.902,0.058,0.5040178571428572,POSITIVE,0.9991
8,182692225,07/07/2011,4.0,"If you have never had the pleasure of watching Ms Lawson on her Cooking Channel shows, I am sadden for you. She is a sweet, sassy and salt of the earth cook to watch in action. I didn't think her cookbooks would hold a candle to her on-screen pizazz but was I ever wrong. Her writing style is that of sitting right next to you with no-holds-bar conversation about food, life, family, friends, what have you. Her recipes in Nigella Express are much more simple and honestly, kid friendly than any of the other cookbooks I have from her collection. Many a tasty feasts has our family enjoyed from Ms Lawson and many a more to come! ",3,0.9207,0.065,0.783,0.152,0.5012755102040817,POSITIVE,0.9986
9,1594592902,03/29/2016,5.0,"This is the first cookbook I'm reviewing and I plan on reviewing plenty more since I have a ton. Besides reading and writing, I enjoy cooking and baking, so my bookshelves are a jumble of fiction and cookbooks. I love this book of hers for its simplicity and for the caramel croissant bread pudding, which we just relabeled bourbon bread pudding. It's so damn good, I get requests whenever I go to a party/potluck. Plenty of other recipes in this book were a hit for me, so I'd recommend it to others.",3,0.871,0.037,0.82,0.142,0.4847222222222222,POSITIVE,0.998
10,84403061,01/11/2010,5.0,Nigella is super! She not only makes cooking easy n enjoyable her recipes are very delicious too! Try them and you won't be disappointed. Plus her book is a fun read....not a boring instruction cook book. It's a handy book as ever to have when your in a hurry or have to entertain or just want comfort food and the best part of all it's not too much effort!,3,0.9807,0.027,0.616,0.357,0.6772727272727272,POSITIVE,0.9945
11,25302775,06/24/2008,4.0,"1. i love nigella. even if this was a book entirely made up of ways to cook meat and coleslaw, i would have read it because of Nigella's writing style and the beautiful photos.2. i am such a fan of cookbooks that include a photo with nearly every recipe. i am not a confident cook by any means, so it's nice to ""see"" what i'm working towards.3. i love that Nigella is so down to earth about food. she doesn't make me feel guilty for eating more raw brownie batter than i bake(and i feel that she would probably join me if we were sharing a kitchen). she is not above using food from cans and jars and the freezer. she also has a way of making me truly believe that fried doughnut pancakes would make a well balanced dinner from time to time. :)4. i would give this book 3.5 stars if possible, mostly because there were more not a ton of recipes that would be useful to me. i can be a picky eater and i mostly cook for me and the (small) kids, so there were several recipes that i could just look at and tell that they would not go over well.the recipes that WOULD go over well were mostly desserts! i really did like her breakfast section, a few things from the Italian section, and i think there was a salad or two that looked decent. i was inspired to make a few infused oils for here at home, and when i do start adding meat back into our diet, i found several things that looked pretty good. ",2,0.9896,0.019,0.819,0.162,0.4830783016266886,POSITIVE,0.93
12,500022323,01/08/2013,4.0,"Quick recipes and handy shortcuts. Lots of good ones in here including some fancy show stopping ones that are both simple and take no time at all. Amn't a big fan of cream, butter and very rich food so she probably isn't the right kind of cook for me! However, there are a good number of recipes that I have enjoyed and even more that I have made for other people. I regularly have my family around for a meal and if I do go home I always cook for them. I have made a-lot of the recipes from this book for them and they have gone down very well. Especially with my mum who adores Italian style food. The book offers a wide range of recipes including drinks, breakfast items, sweets (candy), desserts, meals, light meals and snacks. It is fantastic all round cookbook. Though I mentioned Italian, it is Nigella's main influence but in this express book the cuisine is varied and certainly not strictly Italian. It has given me plenty of ideas and the recipes are easily tweaked to taste. Recipe Highlights- Festive Fusilli, Apple Martini, Brandied Bacony Roast Chicken, Chocolate and Pistachio Fudge, Pomegranate Ice-cream, Nectarine and Blueberry Gallette and Seared Salmon with Singapore Noodles",2,0.9668,0.02,0.85,0.13,0.4927415838130124,POSITIVE,0.9979
13,834972652,01/26/2014,4.0,"I've not made any of the recipes (which is not at all needed for me to enjoy and approve of a cookbook). I did ID more than a dozen recipes I'd like Andre to try -- happily, he says he's willing. Also love her intros to each section. She almost makes cooking sound like fun. ...Almost.p11 Mustard Pork Chops (she suggests a side of gnocchi)p19 Naan Pizzap23 Caramel Croissant Pudding (because you need something to do with those stale croissants)p39 Potato & Mushroom Gratinp40 Steak Slice with Lemon & Thymep94 Breakfast Barsp97 Pear & Ginger Muffinsp149 Mirin-Glazed Salmonp176 Cheddar Cheese Risottop261 Sesame Peanut Noodlesp262 Banana Butterscotch Muffinsp265 Crunchy Salad with Hot & Sour Dressingp284 Tuna & Beansp296 Pollo Alla Cacciatorap363 Minestrone in Minutes",2,0.9601,0.0,0.848,0.152,0.54,POSITIVE,0.9841
14,73878814,10/08/2009,5.0,"If you, like me, find yourself longing for excellent food when the temperatures drop, DO NOT read this book in the fall. I have done nothing but eat for the 10 days I've been reading this - and I think I may also be overdoing things when it comes to dinnertime. My family, needless to say, has enjoyed this time immensely.Nigella doesn't disappoint, in her writing style or recipe selection. There's only a couple things in this book that I would never cook (one word: liver) and a preponderance of ideas that I cannot wait to try out.The next of which will be a hot toddy.",2,0.8701,0.025,0.866,0.109,0.7583333333333334,NEGATIVE,0.8741
15,109471040,06/30/2010,4.0,"It is not as good as the 'principles' book and for that reason alone - because Nigella has a better book, do I give it four stars instead of five.But this is a good book for an 'in a hurry' moment which is the purpose. For inspiration without having to think too much. Easy to follow, and all recipes work well.Lots of recipes which can become part of your staple and that you can cook from memory after a while, or with only minimal reference back to the book.Recommend it for every kitchen!",2,0.569,0.07,0.832,0.098,0.5904761904761905,POSITIVE,0.9984
16,322438111,05/01/2012,3.0,"A great cookbook to read. Nigella's writing style is casual and breezy. Each recipe has a brief write up explaining the dish and features a beautiful colour picture. However, the recipes were not to my personal tastes, which is not Nigella's fault. There was more emphasis on sweets than side dishes. I did get some fantastic ideas for flavour combinations and easy short cuts, but this book won't find its way into my kitchen any time soon.",2,0.8723,0.02,0.801,0.179,0.6425925925925926,NEGATIVE,0.9419
17,83626744,01/06/2010,5.0,This is full of excellent tasty recipes that dont cost the earth and take under half an hour in general to make. A great way to try new things without having to put too much time and effort in! I can particularly recommend the Naan Pizzas and the prawn and mango curry! mmmm tasty!It also was written by and contains Nigella so thats a plus point for me in anything! ,2,0.9146,0.0,0.845,0.155,0.4943181818181819,POSITIVE,0.9984
18,383088155,08/03/2012,5.0,"I really love this cookbook. Generally the recipes are simple and quick to make (as the title suggests) and are always delicious.Particular recipes of note that have made it in to our monthly rotation are her quick chilli (with chorizo), Thai red prawn curry and mustard pork chops.I believe I own all of Nigellas cook books and this for me is by far the best.",2,0.8655,0.0,0.875,0.125,0.5285714285714286,POSITIVE,0.9978
19,530849670,02/09/2013,5.0,NIgella Express.....also one of the good books. Very interesting and creative recipes and all are truly speedy and practical. Alot of them are very do-able and infact prompt you to try them due to their ease and interesting factor. Another book that I often go back to refer. That pretty much says alot about the book.,2,0.962,0.0,0.699,0.301,0.5138888888888888,POSITIVE,0.9972
20,152452872,03/06/2011,5.0,"I found this at a thrift store for a criminal $4. The recipes that I have made so far have been amazingly fast and surprisingly delicious. Gorgeous photos, ingredients by weight (LOVE LOVE LOVE). This book has expanded our weeknight repertoire. Too bad there are not more veggie recipes.",2,0.848,0.113,0.639,0.248,0.7016666666666665,POSITIVE,0.9996
21,579883955,04/03/2013,5.0,"Excellent cookbook. Lots of beautiful pictures, easy to follow guide to make the recipes, typical Nigella style. Read and used it a lot already and will continue to use it in the future. You never really 'finish' a good cookbook but keep using it in the near or far future.",2,0.6052,0.034,0.837,0.128,0.5783333333333334,POSITIVE,0.9988
22,709050445,09/01/2013,5.0,"This is my go-to cookbook. I use these recipes again and again. Everything I've tried, I've loved. Many I have begun to tweak to suit myself; they're part of my repertoire. I am forever changed as a cook, I think for the better!",2,0.7959,0.0,0.835,0.165,0.6,POSITIVE,0.9988
23,229204244,10/30/2011,5.0,There are some recipes in this book that have become absolute favourites in my house.,2,0.0,0.0,1.0,0.0,0.9,POSITIVE,0.9995
24,22346327,05/15/2008,3.0,"I think this is a nice cookbook. It's the kind of cookbook that I would've really liked before I had kids... recipes like ""Gravlax Sashimi"" and ""Griddled Venison with Pink Gin Applesauce and Roast Pencil Leeks"" are probably not going to be prepared in my house unless I'm also preparing a completely separate meal for the younger palates. But with that said, I can usually find recipes in any cookbook that will work for my family, and this one was no disappointment. Things that we've tried (or will be) include ""Maple Chicken and Ribs"", ""Totally Chocolate Chocolate Chip Cookies"", ""Sesame Peanut Noodles"" and ""Banana Butterscotch Muffins"".I find her directions to be a little from the hip, and it helps to know your way around the kitchen a bit - in other words, this book may not be a great gift for a beginning cook. For example, the recipe for ""Maple Chicken and Ribs"" calls for ribs, but doesn't say whether or not to separate them before roasting. Also, the marinade wasn't as thick as it was described in the recipe, and needed a little improvising - our meat was slightly more braised than roasted. In the end, the flavors in the resulting recipe were good and I'd make it again, but they weren't exactly what the book laid out.I think in the end there'll be at least ten recipes that I'll cook from this book, which for me is a good amount of new things to take away from a cookbook (especially one that was borrowed from the library). I wouldn't purchase it, but I'll be doing a bunch of photocopying before I return it today, and would check it out again.",0,0.8421,0.027,0.913,0.06,0.5460227272727273,NEGATIVE,0.7689
25,1181810300,01/26/2015,5.0,"This is the food I associate with Nigella, and it is the reason I love her and will always turn to her for advice, inspiration and solutions to every kitchen debacle. I may be biased in my admiration of her, but this book is wonderful regardless of any previous acquaintance with her recipes and conversational witter.There is a speedy solution for every occasion and every appetite. All of it is essential to a well rounded kitchen repertoire I feel. From indulgent desserts such as chocolate pear pudding and a recipe for mincemeat squares that mean you won't miss mince pies at all, to simple meals like a chef's salad of lettuce, avocado and ham with a mustardy dressing and curry in a hurry is the ultimate frozen vegetable/store cupboard saviour. I kid you not when I say every occasion is covered - there is a recipe for pomegranate duck that would impress the most sophisticated of dinner party guests that can be whipped up in no time at all.There are many cookbooks promising meals in 30 minutes, some as little as 15, but part of me doesn't trust these chefs whose skills are far beyond mine. Nigella though, has none of their training is all the better for it. When she says express, she means it and I trust that I can achieve it. These recipes appear realistic and I am undaunted by the task of cooking them.And that's what makes this cookbook so perfect. Everything is a delightful combination of flavours, and within my reach. It is exactly what was missing from my cookbook collection.",0,0.9922,0.048,0.76,0.192,0.587232142857143,POSITIVE,0.999
26,43663690,01/19/2009,3.0,I liked Forever Summer better. Maybe it's just the recipes we chose but I didn't fall in love with all of them like I did the others. They are fast and they are easy but they missed some of the wow-factor I loved in Forever Summer. Here is what I've tasted and the cookbook club cooks who made them:Gretchen - Sweet and Sour Cucumber Salad: Perfect quick-pickle dish. I could nosh on them all day.Me - Potato Pancakes with Smoked Salmon: Calls for more salmon than you need. Could have used some Creme Fraiche or the like to cool it a little. Use a teaspoon rather than the Tablespoon to drop the batter. First time I've purchased a box of potato flakes. It felt weird.Gretchen - Chickpeas with Arugula: Chickpeas = yes. Arugula = not so much. I found Arugula leaving a bitterness that I couldn't shake. Molly - Scallops with Chorizo: Scallops are all in the sear and the carmelization. Molly rocked it. Chorizo was a perfect compliment. I will make this one soon.Sheela - Key Lime Mousse Cheesecake: As I've said before. You cannot fail me with Key lime. I think I stopped after two pieces and then hit the crumbs left on the plate. ,0,0.9881,0.073,0.712,0.215,0.5982456140350877,NEGATIVE,0.9999
27,98112659,04/12/2010,5.0,"I am looking forward to trying a lot of these recipes, especially the desserts. For some reason, I always make dessert out to be the biggest challenge of the meal, but there are quite a few simple recipes in here.This is the first cookbook that I've actually sat down and read cover to cover. This could be partially due to little quote gems like, ""Oh, and if you don't have any bourbon in the house, first may I say, please consider it, and second, replace it, rather, with rum,"" and ""Incidentally, this is one of my children's favorite desserts, though I leave out the rum and coconut for them. For me, both resolutely stay in. I am of the More is More school in this regard."" Heh. Charming.",0,0.9319,0.024,0.855,0.121,0.4562641723356009,POSITIVE,0.9893
28,44643605,01/28/2009,3.0,"I want to like this book because I love Nigella so much, but I've looked through it again and again and have found hardly anything that actually looks worth it to me. Also, the chapters are almost all just variations on ""fast,"" so why bother having them? It probably would make for easier thumbing if the chapters were ""Some Sort of Smoked Fish,"" ""Chops of Various Meats,"" and ""Everything Else."" As with all Nigella books, it's a good read on its own. Her prose is unmistakable and always entertaining, so I'm glad I own it, but I'll stick with Feast and How to Be a Domestic Goddess for my favorite Nigella recipes.",0,0.9724,0.027,0.757,0.216,0.574404761904762,NEGATIVE,0.9972
29,20401988,04/17/2008,5.0,"I read this in bed like a novel - Nigella's writing makes everything seem unbelievably appealling, and the recipes I've tried have been super good. Her unabashed love for food and cooking is infectious - I always wanted to go raid the fridge after reading. Sometimes I wish she hadn't relied on pre-prepared ingredients as much - many of them weren't familiar to me, and I would have liked to have options listed so I could replicate the results with more time consuming ingredients. However, I understand that wasn't the aim of the book, and it was just a small point.",0,0.9652,0.0,0.796,0.204,0.6185185185185186,POSITIVE,0.9955
30,84773107,01/13/2010,3.0,"2010: This book is full of tasty-looking dishes that I would like to try. I have to admit that the difference in measurements is daunting to me, but for Nigella, I will try!I enjoy the wee essays Nigella has written to preface each dish. Each dish seems to be a personal favourite for some reason or comes with a good story.Tempting and gorgeous as always.2017: I had 100 percent forgotten that I'd already read this. So, I bought it at a used book sale. Maybe this time I'll try some of the recipes.",0,0.9407,0.024,0.803,0.174,0.5700000000000001,POSITIVE,0.9974
31,707802772,08/30/2013,4.0,Nigella brings a kind of sensuousness to the kitchen that I can only dream of. Somehow in the midst of raising two children and building a cooking empire she still finds the time to appreciate the sound of blueberries tumbling into a bowl or notice the glistening of the juices on a turkey. This is the author who cemented my position as someone who prefers to read about cooking over actually cooking. I aspire to the kind of joy and ease in the kitchen she embodies while I sling multiple meals for multiple allergies in the midst of pandemonium. ,0,0.866,0.0,0.892,0.108,0.4375,POSITIVE,0.9992
32,17948660,03/17/2008,4.0,"1. The book has to audacity to begin (the first sentence) with dissing ""Fast Food"" as a concept, when this is clearly a pitch on the part of her publishers to capture the American and other ""fast"" markets. 2. I learned that ""pastelness"", ""convivally"" and ""disinter"" could all be used as words.3. Even though the book has the most ridiculous chapters (and titles) she violates their sanctity by advising the reader (in her characteristically postmodern way) to ""dabble"" around. ",0,-0.5256,0.074,0.892,0.033,0.4739583333333333,NEGATIVE,1.0
33,90132794,02/17/2010,2.0,"I adore the fun chatty writing style of contemporary British chefs and liked another of Lawson's books very much, but ""express"" is the key word here, and even Lawson seems a little apologetic about the flimsiness of the recipes and knows her joie de vivre isn't quite enough to pull this one off. I made the warm potato salad, but it's practically the same salad I make in the summer. I'll look it over a little more before I return it to the library. ",0,0.7003,0.0,0.905,0.095,0.4293055555555555,NEGATIVE,0.7131
34,115788941,08/08/2010,4.0,"The Cooking Channel www.cookingchanneltv.com started up in May,2010 and I have become hooked on Nigella Lawson's Express show. I've made one or two of the recipes in this book. The Clafouti was a definite hit. I made it once with peaches and the second time with the called for cherries. As Nigella would say,""Lovely."" I take cooking books out of the library,if they have more than three good recipes,than I try to find the book on www.half.com",0,0.6444,0.0,0.93,0.07,0.47,POSITIVE,0.9824
35,392011028,08/14/2012,5.0,We tried recipes from this during June 2021.Chocolate croissants Chocolate chocolate chip cookies Blackberry crispRhubarb and custard gelatoSesame peanut noodlesChopped fruit saladNaan pizzaNutella pancakesTuna and beansDoughnut French toastMaple chickenCaribbean creamsNoodle soup for needy peopleOuefs en cocotteRib-sticking stir fryTarte fine aux pommesGreen eggs and hamCloudy lemonade for a sunny dayWhite chocolate mint mousse,0,0.296,0.044,0.873,0.084,0.25,POSITIVE,0.9996
36,8793593,11/07/2007,5.0,Going to meet her tonight and get the book signed. I am so excited!!! YAY ME!!!!**She was fabulous! Very nice considering there were 500+ people in line to meet her and get their books signed. She also is a tiny little thing. I expected her to be taller. :)I browsed through the book and it seems like a good book to have. We shall see how many recipes I actually make from it! :),0,0.9738,0.0,0.724,0.276,0.6681818181818181,POSITIVE,0.9994
37,11093126,12/27/2007,4.0,"I'm so pleased with this book! It's not as artful as her previous tomes, but that's probably a good thing. I can read some of these recipes once through, and remember the ingredients and general cooking instructions without having to refer back. But for all the ease of the recipes, I find them to be totally inspired. Pictures, of both food and author, are gorgeous.",0,0.9671,0.0,0.743,0.257,0.5595238095238095,POSITIVE,0.9994
38,15350955,02/13/2008,4.0,"I cannot resist a woman who advocates avocados for breakfast or whose recipe for Nutella Pancakes starts with, ""Let joy be unconfined."" Her witty asides and voluptuous food photos made thumbing through this cookbook an absolute pleasure. There were too many carnivorous recipes to make this a five-star book for me, but she gets extra points for all the amazing desserts included.",0,0.8735,0.0,0.849,0.151,0.6,POSITIVE,0.9996
39,19643172,04/07/2008,4.0,"As in other Nigella books, she makes such a strong argument for Food that it's hard not to make her recipes. As I settle into a making-dinner-every-night life, that's good to have. This cookbook specializes in low prep time dishes, and I'm a big fan of that. But both she and Mark Bittman assume I have a food processor and I don't yet!",0,0.5848,0.093,0.772,0.136,0.45,POSITIVE,0.9973
40,699281840,08/19/2013,4.0,I find cookbooks difficult to rate as they are very subjective like music or art. Nigella was recommended to me while I was in charge of the cooking section (briefly) in a bookstore. The glossy photos and real ingredients make me feel like all these dishes are possible. Soon to be on my bookshelf.,0,0.5936,0.044,0.827,0.129,0.5866666666666667,POSITIVE,0.9993
41,7030123,09/30/2007,4.0,"In general I find Nigella more reliably fun to read than her recipes are to eat, but I've already made a couple good things from this one. Anyone who can compare making mayonnaise to reading Henry James is OK in my book.",0,0.8761,0.0,0.787,0.213,0.4599999999999999,POSITIVE,0.9939
42,9838998,12/02/2007,5.0,A much simpler version of her other books. with chapters like everday day easy and workday winners it brings fun taste back to cooking-- lot of pictures- which is the most important item in a cook book,0,0.9168,0.0,0.683,0.317,0.4440476190476191,POSITIVE,0.9981
43,12094574,01/09/2008,4.0,"Got this book for Christmas, and she never fails to reinvent the wheel in new and creative ways. I've made one thing thus far but wanted to make at least a dozen more, and I can see that I will get a lot of use out of this now and for a long time. ",0,0.3851,0.0,0.929,0.071,0.5792207792207792,POSITIVE,0.9995
44,15303645,02/12/2008,3.0,"For a British woman who does her tv show using the metric system you'd think she'd do it in her book too - but she doesn't, alas. Cooking is so much more precise w/ weights rather than measurements. Overall the most I can say is I've added this book to my collection but am not overwhelmed by it.",0,0.2498,0.022,0.939,0.039,0.4666666666666666,POSITIVE,0.999
45,16159869,02/23/2008,5.0,"I thought i had enough of Nigella's books until i bought this one recently. I still have lots i want to try, but i keep making the chocolate macaroons, and rocky road crunch bars.oh .. the banana butterscotch muffins did not work for us. yuck.",0,0.0387,0.0,0.971,0.029,0.375,NEGATIVE,1.0
46,16529272,02/27/2008,3.0,"I love the way this book is photographed and written, and there are some great recipes. I just with there were more that used things that I have readily on hand. The pork chops with gnocchi are to die for though. ",0,0.8225,0.079,0.688,0.233,0.5875,POSITIVE,0.9982
47,18279307,03/21/2008,4.0,"This is a great book to have on hand for those nights you can't get out of your own way. Straightforward, simple, tasty recipes. I sometimes read Nigella's musings and notes in my fake British accent aloud--she's a trip. I, alas, am not so much. Either way, it's a good one.",0,0.7184,0.091,0.732,0.178,0.586904761904762,POSITIVE,0.997
48,21024980,04/26/2008,4.0,"I love Nigella Lawson's food show...I can never seem to see her on American TV...in Canada, and of course, Britain, she is on all the time...so, the cookbook is the next best thing...this one is fun...I learned to make Haloumi...need I say more? ",0,0.8555,0.0,0.823,0.177,0.2799999999999999,POSITIVE,0.9941
49,24139746,06/10/2008,3.0,"I've always liked Nigella Lawson, and like her even more after her simplified and ""express"" text. She isn't afraid to use things out of jars and cans once in awhile--I love that! In fact, it seems that the chef's sanity is almost as important to her as the gorgeous results you get in the end.",0,0.9362,0.0,0.766,0.234,0.7833333333333333,POSITIVE,0.9996
50,30475971,08/18/2008,5.0,I have a few Nigella books and this one seems to be the most user-friendly out of all of them. I've tried a few things from this book and have been pleasantly surprised that the results were even better than I expected. ,0,0.7845,0.0,0.816,0.184,0.4166666666666667,POSITIVE,0.9987
51,36318773,10/27/2008,5.0,"Ok...I'm a cookbook geek. I've come to terms with that. This is a great book if you have every watched Nigella Lawson on Food Network. She writes exactly the way she talks! I found it be have good recipes, not took much chatter and generally a very entaining read.",0,0.7574,0.035,0.822,0.143,0.42,POSITIVE,0.9925
52,37055732,11/06/2008,3.0,"Lawson's prose is unusually readable for a food writer, and the only reason her book doesn't have another star is because some of her tastes are frankly peculiar. It's obvious that being raised with English cooking can be damaging to your taste aesthetic. ",0,-0.4019,0.073,0.891,0.036,0.625,POSITIVE,0.9978
53,73402696,10/04/2009,5.0,Express is an excellent cookbook. Simple but delicious recipes that can be prepared in no time. It is one of the very few cookbooks I use on a regular basis. I love the fact that Nigella always ties a story to the good. Excellent book!,0,0.9749,0.045,0.552,0.402,0.5955082417582418,POSITIVE,0.9913
54,83697363,01/06/2010,4.0,Lots of GREAT simple recipes that you could actually make on a weeknight. I've bookmarked about 30 of them and will be making my way through them this winter. Her writing style was pretty funny too. A really enjoyable read.,0,0.934,0.0,0.706,0.294,0.6345238095238096,POSITIVE,0.9937
55,107773209,06/19/2010,5.0,"Love the chatty writing style of this book, which made it a pleasure to read through even before I tried any of the recipes. Now that I have, though, I love it even more because every recipe I've tried has been easy and delicious. ",0,0.9623,0.0,0.652,0.348,0.7066666666666667,POSITIVE,0.992
56,131336143,11/18/2010,3.0,"I can't stand Nigella, but she can cook! Lots of quick and yummy desserts and sweet things in this book (the chocolate pistachio fudge is divine) plus there are some very quick and easy main courses too. I recommend the Singapore Noodles and the Curry in a Hurry, though not together :-)",0,0.9427,0.039,0.7,0.261,0.6611111111111111,POSITIVE,0.9987
57,145870324,02/04/2011,3.0,"The recipes looked amazing, but they didn'tTaste as innovative as I hoped (eg new Orleans coleslaw tasted the same as regular coleslaw to me). I do wish I tried the flan. The book is beautiful to browse, and nigella's commentary is fun to read. ",0,0.952,0.054,0.611,0.334,0.5366383616383616,POSITIVE,0.9334
58,384771051,08/05/2012,3.0,"I love Nigella. Her recipes are fun and are always a hit at dinner parties. I have a feeling, however, that heart doctors the world over groan with every new Nigella cookbook...while producers of cream, butter and wine rub their hands with glee. ",0,0.9423,0.0,0.681,0.319,0.4181818181818182,POSITIVE,0.9978
59,391476402,08/14/2012,5.0,"This is not a cookbook for professional chiefs. It's a beatiful collection of original, simple, fast, and tasty recipes for every day which inspires me to start cooking immediately. I love Nigella's style!",0,0.8655,0.0,0.736,0.264,0.4814285714285714,POSITIVE,0.999
60,537750179,02/16/2013,1.0,"Not a big favourite. You really have to be a bit careful with her recipes, since once in a while a key ingredient is missing and may just turn up as a mention in the directions. I also just find her totally annoying.",0,-0.5563,0.127,0.833,0.039,0.5416666666666666,NEGATIVE,0.9999
61,712836729,09/05/2013,4.0,"The only cookbook I ever read cover to cover (even the meat recipes I'll never use). I have the British edition and gave my sister the American edition. Easily my most-used, most-loved cookbook. And I have a good number of them and rarely cook without a recipe! ",0,0.7088,0.0,0.85,0.15,0.5555555555555556,POSITIVE,0.9999
62,888395599,03/22/2014,4.0,"Nigella has always been my favourite food writer - maybe because she's so enthusiastic about food herself. This was a delight to read, and after a quick skim through I'm eagerly anticipating getting home to make some of these delicious, simple recipes. ",0,0.9362,0.0,0.71,0.29,0.6892857142857143,POSITIVE,0.9955
63,1050631088,09/09/2014,4.0,"Easy to read and the recipes are great to follow. Nigella cooks like I do, and so if I don't have exactly the same ingredient I know I can adapt the recipe and it will still come out great. I love her use of language, it's like having a friend in the kitchen chatting to you as you cook.",0,0.9735,0.0,0.662,0.338,0.5513888888888889,POSITIVE,0.9969
64,8842492,11/08/2007,4.0,"I haven't made anything from this book yet, but there are a bunch that I can't wait to try. Not as wordy as she usually is in her books, which I kind of miss, but definitely still excellent Nigella.",0,0.8053,0.054,0.745,0.2,0.6625,POSITIVE,0.9995
65,9989291,12/05/2007,3.0,Xmas present - food porn!!!! Nigella seems to swan about in cashmere sweaters rustling up lovely dinners. No-one refuses to eat them I think. Far removed from real life here!!!,0,0.7156,0.0,0.845,0.155,0.5125,NEGATIVE,1.0
66,11263239,12/30/2007,5.0,"Yay!!! This is Nigellas version of fast food, you know like, quails, lamb shanks and avocado bruschetta. Nigella does not sacrifice flavor for quickness. It's completely fab! ",0,0.885,0.0,0.698,0.302,0.5,POSITIVE,0.9997
67,11333654,12/31/2007,5.0,"Fantastic recipe book. Easy to follow, the recipes don't require a million ingredients and produce good results every time. Just made the Pea and Pesto Soup and it's delicious!",0,0.9245,0.0,0.642,0.358,0.8333333333333334,POSITIVE,0.9997
68,11388286,01/01/2008,4.0,Looks delicious and manageable,0,0.5719,0.0,0.448,0.552,1.0,POSITIVE,0.9983
69,12241751,01/11/2008,5.0,"I love Nigella - she's my favorite celebrity chef. This cookbook has lots of lush pictures of the food, and a lot of personality in the descriptions of the dishes. And a lot of great recipes!",0,0.9117,0.0,0.714,0.286,0.6625000000000001,POSITIVE,0.9984
70,12604669,01/15/2008,,Heard a great story with her on NPR. This book is now on my 'to get' list.,0,0.6249,0.0,0.785,0.215,0.75,POSITIVE,0.9904
71,13697409,01/27/2008,4.0,"The exact opposite of the Padma Lakshmi book in a not-entirely bad way. I liked it, anyway.",0,-0.1779,0.181,0.674,0.145,0.4291666666666667,POSITIVE,0.9911
72,14699367,02/05/2008,4.0,"Great book, I have cooked a number of things from this already.",0,0.6597,0.0,0.597,0.403,0.75,POSITIVE,0.9996
73,15232891,02/12/2008,2.0,"It makes a good coffee table book, but not much of a cookbook. Interesting recipes and pretty photos, but way too vague.",0,0.8481,0.058,0.584,0.358,0.5599999999999999,NEGATIVE,0.9986
74,15320129,02/13/2008,5.0,Fabulous. Everything looks yummy. Scummy-mummies like me who struggle to knock up a decent breakfast will enjoy the recipes for Homemade Instant Pancake Mix and the Homemade Breakfast Bars.,0,0.8807,0.061,0.608,0.331,0.7083333333333333,POSITIVE,0.9996
75,15500022,02/15/2008,5.0,This is one of the best cookbooks I have ever read. The recipes are easy and directions are clear. ,0,0.8658,0.0,0.607,0.393,0.5055555555555555,POSITIVE,0.9959
76,15948809,02/20/2008,5.0,"Fabulous cookbook with fabulous pictures. Great food that might not be so great for you, but fun to make!",0,0.9302,0.0,0.486,0.514,0.74,POSITIVE,0.9992
77,16036477,02/21/2008,3.0,"I love watching Nigella's show, but I was a little disappointed in some of the recipes. The book is beautiful, has gorgeous pictures, but WAY too many seafood recipes.",0,0.8943,0.095,0.562,0.343,0.7083333333333334,NEGATIVE,0.9991
78,16921235,03/03/2008,5.0,"This book was a birthday present. I devoured every word in one sitting, made recipes from it over the weekend, and just like that it has become my new favorite. ",0,0.6705,0.0,0.825,0.175,0.4848484848484848,POSITIVE,0.9994
79,17767046,03/14/2008,4.0,brandied chicken is one of our favorite new recipes,0,0.4588,0.0,0.727,0.273,0.8015151515151514,POSITIVE,0.9997
80,18577194,03/25/2008,3.0,"all the ingredients are measured by weight which makes for extra work... also, some are hard to find (or very expensive) in Canada. Every recipe has a little write up which i really enjoyed reading!",0,0.54,0.039,0.854,0.107,0.5503333333333333,POSITIVE,0.9969
81,19360045,04/03/2008,4.0,"LOVE HER! I collect cookbooks, and I think I have everything she has written. Lovely photos and witty food writing. Second only to FEAST",0,0.8757,0.0,0.678,0.322,0.67,POSITIVE,0.9967
82,21000423,04/25/2008,4.0,"I haven't made any of the recipes yet, but the pictures look really good. plus, I like her attitude about food.",0,0.8375,0.0,0.682,0.318,0.6000000000000001,POSITIVE,0.9975
83,21306258,04/30/2008,4.0,Not all of the recipes are to my taste but it's a great book for the time-pressed cook and so much better than Delia.,0,0.8983,0.0,0.679,0.321,0.625,POSITIVE,0.9955
84,22457199,05/17/2008,5.0,I LOVE this cookbook !! Oh my goodness.. Everything I have cooked was easy and wonderful and has become a favorite. I want all her books !,0,0.9494,0.0,0.504,0.496,0.8583333333333334,POSITIVE,0.9782
85,23278042,05/29/2008,5.0,"Love this, shortcuts galore but not using nasty ingredients, just recipes with few ingredients but lots of flavour.",0,0.7569,0.0,0.712,0.288,0.5666666666666668,POSITIVE,0.9966
86,26725721,07/08/2008,4.0,I like that the recipes in here are based on what she actually cooks on a regular basis - things that are fast and have few ingredients. I have liked everything I've made so far.,0,0.6486,0.0,0.845,0.155,0.4461538461538462,POSITIVE,0.9995
87,26916411,07/10/2008,1.0,I bought it because the other three books I've read by Nigella Lawson were delightful. This one was a disappointment.,0,0.128,0.143,0.693,0.165,0.5916666666666667,NEGATIVE,1.0
88,28061092,07/23/2008,4.0,my friend says this is amazing... I want to check it out!,0,0.5848,0.0,0.653,0.347,0.9,POSITIVE,0.9983
89,28543924,07/28/2008,4.0,I think this may be my next cookbook purchase. Chock full of quick recipes that look mighty tasty. We made some breakfast bars out of here and really loved them. ,0,0.6361,0.0,0.87,0.13,0.55,POSITIVE,0.9994
90,29192980,08/04/2008,4.0,"Hmmm, had this one a few months now and have tried a few recipes, everything tried has turned out great, love that!",0,0.8622,0.0,0.677,0.323,0.3874999999999999,POSITIVE,0.9997
91,38236241,11/20/2008,3.0,"i have nothing bad to say about the recipes -- in fact, many of them have been good. but the organization of this book drives me so crazy... retro rapido, really? ",0,0.4357,0.0,0.878,0.122,0.5733333333333334,NEGATIVE,0.9761
92,38604659,11/25/2008,4.0,This has wonderful recipes in it. ,0,0.5719,0.0,0.575,0.425,1.0,POSITIVE,0.9994
93,40700270,12/22/2008,3.0,There are some great easy to make recipes.,0,0.7906,0.0,0.462,0.538,0.7916666666666667,POSITIVE,0.9974
94,41170999,12/29/2008,,"Mmm! I'm really looking forward to trying some of these recipes. Moreover, I love Nigella's style--it's very personal, accessible, friendly, fun yet also offering amazing tips on cooking. ",0,0.9438,0.0,0.604,0.396,0.4521428571428571,POSITIVE,0.9986
95,41981722,01/05/2009,4.0,I made the mustard & hard cider pork chops last night--pretty tasty!,0,-0.1759,0.158,0.842,0.0,0.3041666666666666,POSITIVE,0.9991
96,43352643,01/17/2009,5.0,The fantastic thing about this cook book is each page has one complete recipe on it. I made several dishes and they were all delicious!,0,0.8221,0.0,0.743,0.257,0.575,POSITIVE,0.9993
97,44614144,01/28/2009,5.0,yum!,0,0.0,0.0,1.0,0.0,0.0,POSITIVE,0.9998
98,47035693,02/21/2009,3.0,"I only found 11 recipes I liked. I probably could have found more but I don't like poultry, fish, seafood or eggs. I'm not as picky as others though.",0,-0.287,0.109,0.823,0.068,0.7666666666666666,NEGATIVE,0.8479
99,48276162,03/04/2009,5.0,if only all the ingredients were available...hahah,0,0.0,0.0,1.0,0.0,1.0,NEGATIVE,0.9965
100,48618802,03/08/2009,4.0,"I love this cookbook so far. I have only tried one recipe, but it was very simple. So many fast and easy cookbooks are so terrible. This one is a gem.",0,-0.0095,0.149,0.677,0.175,0.749702380952381,POSITIVE,0.9986
101,49404778,03/15/2009,4.0,"I'll read anything by Nigella. Yes, I read cookbooks. I even mentally read her books with an English accent. I think it helps.",0,0.6486,0.0,0.773,0.227,0.1,POSITIVE,0.9978
102,51023314,03/31/2009,2.0,"Oh Nigella! You're sexy and smart, but just a wee bit too British for me. But How to be a Domestic Goddess will always have a place on my shelf.",0,0.5175,0.0,0.852,0.148,0.4357142857142857,POSITIVE,0.9869
103,52762514,04/15/2009,3.0,I liked this book but only really thought 30 or so of the 120ish recipes were for me. Glad I took it out of the library. ,0,0.7096,0.0,0.789,0.211,0.75,NEGATIVE,0.9695
104,53944246,04/25/2009,4.0,"I tend to make the same couple of things from this book over and over. I must try a few other recipes from it but, so many cookbooks, so little time.",0,0.0,0.0,1.0,0.0,0.32,NEGATIVE,0.9793
105,54370542,04/29/2009,5.0,"Oh, so many great recipes!I haven't made any yet, but I really need to try on of the cakes soon ;)",0,0.6521,0.0,0.771,0.229,0.6125,POSITIVE,0.9999
106,62543455,07/07/2009,4.0,You know a cookbook is a good read when you get it home and you immidiately make something from it for dinner. ,0,0.4404,0.0,0.868,0.132,0.6000000000000001,POSITIVE,0.9989
107,63751409,07/16/2009,4.0,"Worth it just for the tiramisu, margarita ice cream, and cocktail wienies recipes!",0,0.2942,0.0,0.846,0.154,0.1,POSITIVE,0.9997
108,66738200,08/09/2009,4.0,Copied about 20 recipes that I would like to try. Looking forward to crispy duck.,0,0.3612,0.0,0.839,0.161,0.0,POSITIVE,0.995
109,70855898,09/11/2009,,"Still on the look out for a good, fairly easy cookbook! I used to watch Nigella on the Food Network but I don't think she's on anymore.",0,0.4926,0.0,0.84,0.16,0.7166666666666668,POSITIVE,0.9487
110,71980630,09/21/2009,4.0,"Beautiful, tasty, original - not as useful as the Nigel Slater or Cranks version, but strikingly different in many ways. My new favourite dessert - faux creme caramel - comes from here.",0,0.3393,0.054,0.818,0.129,0.5507575757575758,POSITIVE,0.9999
111,75297225,10/21/2009,5.0,"If I were to buy one cookbook today, it would be this cookbook. Amazing, quick recipes. Delicious!",0,0.8313,0.0,0.642,0.358,0.7999999999999999,POSITIVE,0.9998
112,82170215,12/27/2009,,An interesting mix of recipes.,0,0.4019,0.0,0.597,0.403,0.5,POSITIVE,0.9994
113,82953154,01/02/2010,4.0,This one is great - I use it a lot for weeknight suppers. It's refreshing to read from an English author - she uses some ingredients I might not otherwise know about or think to use.,0,0.6249,0.0,0.88,0.12,0.5833333333333334,POSITIVE,0.9917
114,88985220,02/09/2010,4.0,yum! :),0,0.5093,0.0,0.233,0.767,1.0,POSITIVE,0.9999
115,97718080,04/09/2010,4.0,"even if you only choose to just look at pictures this is a great cook book, ended up wishing i was nigella!",0,0.7424,0.0,0.741,0.259,0.875,POSITIVE,0.9358
116,99444455,04/21/2010,4.0,"very good express recipes, albeit slightly inaccesible in the Singaporean context.Got it as a present so I love it!",0,0.8705,0.0,0.629,0.371,0.3866666666666667,POSITIVE,0.9952
117,114416689,07/30/2010,5.0,"haven't read all of it, but it's in the same vein as the domestic goddess. so many excellent recipes. ",0,0.7556,0.0,0.767,0.233,0.43125,POSITIVE,0.999
118,128791841,11/01/2010,4.0,Lots of great ideas. I definitely found some good recipes.,0,0.8658,0.0,0.382,0.618,0.6166666666666667,POSITIVE,0.9991
119,131547465,11/19/2010,3.0,good pics but the recipes are not very user friendly for regular cooks.,0,-0.4217,0.225,0.659,0.117,0.3692307692307692,NEGATIVE,0.9956
120,133789636,12/05/2010,5.0,Great!,0,0.6588,0.0,0.0,1.0,0.75,POSITIVE,0.9967
121,134876683,12/13/2010,5.0,Awesome book! I have made several recipes from this book and they have all turned out delicious. The maple buttermilk chicken is a family favorite and so easy. I would recommend this to anyone!,0,0.9541,0.0,0.6,0.4,0.7972222222222222,POSITIVE,0.9921
122,142424542,01/21/2011,3.0,read my review on my food blog: http://www.potlikkery.com/2007/10/oh-...,0,0.0,0.0,1.0,0.0,0.0,NEGATIVE,0.6211
123,151307644,03/01/2011,4.0,Some really great recipes,0,0.659,0.0,0.406,0.594,0.75,POSITIVE,0.9992
124,158205515,04/01/2011,4.0,ckbk,0,0.0,0.0,1.0,0.0,0.0,POSITIVE,0.7315
125,161262726,04/15/2011,5.0,"Great cookbook! Full of quick, easy and delicious meals that are perfect for the whole family.",0,0.9402,0.0,0.45,0.55,0.719047619047619,POSITIVE,0.9974
126,178973986,06/23/2011,4.0,Love it! The Mirin-Glazed Salmon and Maple Chicken and Ribs recipes are real gems.,0,0.6696,0.0,0.743,0.257,0.6166666666666666,POSITIVE,0.9998
127,181209810,07/01/2011,5.0,Anything by Nigella is fabulous.,0,0.5267,0.0,0.541,0.459,1.0,POSITIVE,0.9984
128,187755356,07/23/2011,2.0,c2007- meh. I am sure it is fast when you have several assistants helping you.,0,0.4939,0.077,0.655,0.268,0.4962962962962963,NEGATIVE,0.9999
129,194545489,08/04/2011,5.0,The only cook book you'll ever need - i love nigella :D,0,0.8494,0.0,0.493,0.507,0.8666666666666667,POSITIVE,0.9943
130,195116735,08/05/2011,4.0,It is a cookbook but Nigella's style of writing is so captivating that I find myself picking it up just to read the recipes!!!,0,0.0,0.0,1.0,0.0,1.0,POSITIVE,0.9989
131,223187024,10/14/2011,5.0,"Loved this book. Nigella's writing is almost as delicious as her cooking, and you can't help reading it cover to cover as if it were a novel.",0,0.8107,0.067,0.649,0.284,0.9,POSITIVE,0.9981
132,235064343,11/13/2011,4.0,This is a great cookbook. Nigella's Express recipes are quick and easy but filled with good ingredients. I still haven't returned it to the library - just not ready to give it up yet!,0,0.7164,0.07,0.705,0.226,0.6805555555555557,POSITIVE,0.995
133,274055757,02/07/2012,4.0,Yummy,0,0.5267,0.0,0.0,1.0,0.0,POSITIVE,0.9938
134,295302673,03/16/2012,3.0,A few good finds but not great,0,-0.5409,0.427,0.385,0.188,0.4833333333333334,NEGATIVE,0.9976
135,335384756,05/23/2012,4.0,"This is not like all the other basic quick recipe books like Delia's for example as the recipes are a lot better, well thought out and tasty! ",0,0.2668,0.134,0.698,0.168,0.375,NEGATIVE,0.9553
136,357995863,06/29/2012,5.0,"LOVE Nigella and this is a great example of her wonderful cooking, commentary and culinary delights. ",0,0.9496,0.0,0.411,0.589,0.5875,POSITIVE,0.9863
137,400815923,08/26/2012,5.0,This is a great book to own. A lot of her recipes from her show are in this book.,0,0.6249,0.0,0.796,0.204,0.875,POSITIVE,0.9941
138,409893635,09/08/2012,5.0,"Most amazing recipes, so many quick and easy ones to do when getting home from work, and some yummmmmy delights to spoil myself with also.",0,0.8748,0.0,0.688,0.312,0.6466666666666667,POSITIVE,0.999
139,424483211,09/29/2012,4.0,"Love it, I make the prawn linguine weekly! ",0,0.6696,0.0,0.572,0.428,0.6,POSITIVE,0.9991
140,425898563,10/01/2012,5.0,  I think I want to be Nigella when I grow up. I adore her. This is one of my favorite cookbooks of all time. ,0,0.7845,0.0,0.683,0.317,1.0,POSITIVE,0.9985
141,452174283,11/09/2012,5.0,"Nigella is the kitchen goddess. Her recipes are amazing and so easy to follow, anyone can make them. Thanks to her my diet is so much varied, better and savory.",0,0.9195,0.0,0.666,0.334,0.5266666666666666,POSITIVE,0.995
142,476063936,12/12/2012,3.0,Review later. I like her style and some of her recipes but American system kinda did it for me. oh... and some pics arent that nice,0,-0.3067,0.108,0.829,0.063,0.3333333333333333,NEGATIVE,0.9622
143,478801692,12/16/2012,5.0,"I love Nigella, I love this book. Chicken Schnitzel with bacon and white wine became an instant favorite recipe. ",0,0.9081,0.0,0.551,0.449,0.6361111111111111,POSITIVE,0.9984
144,517234148,01/25/2013,3.0,"Almost every recipe I tried was great: mirin glazed salmon, pear ginger muffins, potato mushroom gratin, croque.monsieur, but I don't think she's a great author.",0,0.8555,0.0,0.669,0.331,0.75,NEGATIVE,0.9926
145,552254708,03/04/2013,2.0,"I do not use it so much for recipes as for ideas. A few recipes are wonderful the buttermilk marinated chicken,the mirin glazed salmon and the croque Monsieur Bake are standbys.",0,0.5719,0.0,0.883,0.117,0.4333333333333333,POSITIVE,0.9945
146,613249461,05/11/2013,4.0,"One of my daily go to cookbooks. Lots of fast, easy and more importantly delicious recipes!",0,0.8678,0.0,0.571,0.429,0.5866666666666667,POSITIVE,0.9966
147,652058649,06/26/2013,4.0,"There were several recipes that sounded really good, and I want to try making eventually.",0,0.5799,0.0,0.716,0.284,0.3,POSITIVE,0.9944
148,674408213,07/22/2013,4.0,Great cooking book. Love her easy and simple cooking. Recipes are really good.,0,0.9371,0.0,0.385,0.615,0.6280952380952382,POSITIVE,0.7861
149,692685152,08/12/2013,5.0,Always lovely to read and cook,0,0.5859,0.0,0.568,0.432,0.75,POSITIVE,0.9976
150,699520905,08/20/2013,5.0,I adore the beautiful Nigella! Love her attitude and her book.,0,0.9184,0.0,0.369,0.631,0.8,POSITIVE,0.9871
151,725498297,09/22/2013,5.0,"Nigella is a wonderful, witty writer, as well as a good cook. Love her pantry staples. ",0,0.9169,0.0,0.437,0.563,0.8,POSITIVE,0.9872
152,805466141,12/30/2013,5.0,Great recipes.....love this book.,0,0.6249,0.0,0.423,0.577,0.75,POSITIVE,0.9957
153,820030580,01/11/2014,4.0,Find my review on Helium:http://www.culinaryarts360.com/index....,0,0.0,0.0,1.0,0.0,0.0,POSITIVE,0.9397
154,943480029,05/20/2014,4.0,"I love this cookbook so much, even though I'll probably never cook with duck.",0,0.6369,0.0,0.741,0.259,0.4,POSITIVE,0.9989
155,1169337863,01/15/2015,,My Cook Idol :),0,0.4588,0.0,0.5,0.5,1.0,POSITIVE,0.9998
156,1393356618,09/16/2015,3.0,"Beautiful book, found some inspiration for cooking.",0,0.8074,0.0,0.407,0.593,1.0,POSITIVE,0.9992
157,1400925973,09/25/2015,4.0,Own a hard copy. Nice collection. Already tried one recipe (smoked cod and canellini beans) which was nice and quick to prepare.,0,0.6369,0.056,0.72,0.224,0.8083333333333332,POSITIVE,0.9977
158,1509118779,01/14/2016,3.0,"I've used a few of the recipes, and they generally are quick and easy. She does like to go in for quite a few obscure and/or expensive ingredients, though.",0,0.6597,0.0,0.822,0.178,0.4555555555555555,POSITIVE,0.9944
159,35831690,10/21/2008,4.0,She's a culinary soulmate. Even if all she wears are itty bitty cardigans. :),0,0.7845,0.0,0.615,0.385,0.5,POSITIVE,0.9999
160,44589447,01/27/2009,4.0,Some lovely recipes here. We loved her decadent chocolate peanut fudge sauce.,0,0.8271,0.0,0.565,0.435,0.775,POSITIVE,0.9944
161,60721368,06/22/2009,,Luv.....,0,0.0,0.0,1.0,0.0,0.0,POSITIVE,0.9995
162,105422990,06/02/2010,3.0,Only a few recipes appealed to me. Most seem directed at a British audience too. ,0,0.0,0.0,1.0,0.0,0.4,NEGATIVE,0.9995
163,191668972,07/29/2011,3.0,She has great recipes but her style is not my style so I find her irritating to read,0,-0.4302,0.2,0.684,0.116,0.775,NEGATIVE,0.9966
164,330375161,05/15/2012,3.0,All the recipes I've tried have been really tasty. Margarita ice cream? Way better than it sounds. ,0,0.4404,0.0,0.847,0.153,0.35,NEGATIVE,0.9131
165,386592210,08/07/2012,5.0,Amazing recipes that really are express.,0,0.5859,0.0,0.568,0.432,0.55,POSITIVE,0.9993
166,434928256,10/15/2012,3.0,I haven't made anything from this book. Love looking at it. ,0,0.6369,0.0,0.682,0.318,0.6,POSITIVE,0.9856
167,3213739856,03/28/2020,4.0,"If, like me, you enjoying reading cookbooks as much as cooking from them, you won't find much here. Nigella Lawson offers relatively little in the way of an introduction to her recipes. As for the recipes themselves, on first glance, I thought they all seemed relatively fussy and not meals I would prepare at home. However, after a second run through, more items have caught my eye.I tried three recipes from the book, and the Red Shrimp and Mango Curry was the best of the bunch. The Brandied-Bacony Chicken had a fantastically crisp skin, but not a ton of taste in my opinion, and the potato and mushroom gratin was eaten without complaint although my kids deemed it 'nothing to write home about.'Overall, I think this is a solid cookbook for anyone looking to mix up their weeknight meals.",0,0.8549,0.0,0.911,0.089,0.2687499999999999,NEGATIVE,0.9956
168,2490079273,09/01/2018,4.0,"First off I have never seen Nigella's cooking show, or heard of her. I saw her reviews on Goodreads for Nigella Express and decided to try the Salmon Escalopes with watercress, Sugar snaps and avocado with salad recipe. I couldn't find watercress, so I used arugula. I couldn't believe how easy it was, I had time to spare! My husband fives me criticism about everything I cook, but he didn't on this one. I was so pleased. I can't wait to try more recipes. I may be coming back to change my rating to 5 stars!",0,0.6178,0.04,0.898,0.062,0.5333333333333334,POSITIVE,0.9999
169,2934820152,08/12/2019,4.0,"Nigella Lawson is a great cook but also a great teacher when it comes to cooking. She explains things very simply yet provides tasty recipes that can be made very quickly. I like how she intermixes old, retro recipes with more modern ideas with recipes from other cultures. Nigella is correct when she writes that the shopping is the most draining thing to do for cooking, and that many people either stop cooking or only cook a handful of dishes. This cookbook makes it easy to either start cooking or throw a bit more variety into one's dishes.",0,0.9315,0.026,0.826,0.148,0.5632783882783883,POSITIVE,0.999
170,3002351395,12/19/2019,4.0,"I loved this book! The baked eggs are divine as was the avocado-pea hummus! There werent enough winners to buy this but the hits were really hits. Plus, Nigella is so engaging and makes you feel somehow welcomed and encouraged. ",0,0.951,0.0,0.648,0.352,0.55,POSITIVE,0.9973
171,2115967280,09/06/2017,4.0,A well written book. Enjoyed reading it.,0,0.6597,0.0,0.426,0.574,0.7,POSITIVE,0.9415
172,2115985157,09/06/2017,4.0,A well written book. Enjoyed reading it.,0,0.6597,0.0,0.426,0.574,0.7,POSITIVE,0.9415
173,2132670004,09/30/2017,4.0,"I would eat most of this stuff. A lot of this food though simple to make, may be really unappealing to meat and potatoes types.",0,0.0,0.0,1.0,0.0,0.4523809523809524,POSITIVE,0.9893
174,2286937591,02/07/2018,5.0,"Well presented, good pictures. Try making your own pancake mix. Sub in half wheat flour.",0,0.6124,0.0,0.722,0.278,0.5888888888888889,POSITIVE,0.9925
175,2327053923,03/14/2018,5.0,to get new ideas in cooking,0,0.0,0.0,1.0,0.0,0.4545454545454545,POSITIVE,0.9992
176,2516475833,09/13/2018,4.0,"Good recipes, fun to read, but if I could afford the prime cut ingredients in these recipes for my every day meals, I wouldnt be reading this book. ",0,0.1154,0.089,0.773,0.138,0.4,NEGATIVE,0.9717
177,2547653646,09/30/2018,2.0,a lot of recipes that seemed simple yet good however none of it really made me want to cook - which to me is the test of a great cookbook.,0,0.8207,0.0,0.737,0.263,0.4767857142857143,NEGATIVE,0.9992
178,2616624984,12/05/2018,2.0,"Probably good and fast, but not easy, which is what I was looking for. Lots of quirky ingredients that she likely has on hand, or a shop in the next block does, but certainly not in my cupboard. ",0,0.338,0.147,0.655,0.198,0.6578231292517006,NEGATIVE,0.9994
179,2809286416,05/04/2019,4.0,Lots of good recipes. Margarita ice cream is a favorite.,0,0.7096,0.0,0.543,0.457,0.8,POSITIVE,0.9986
180,3242810482,03/23/2020,,It has helped me cook relent meals thank you ,0,0.3612,0.0,0.783,0.217,0.0,POSITIVE,0.9934
181,3445660915,07/19/2020,5.0,"so nigella express I love this book because it's got some of my favourite recipes. Macaroni cheese, riscotto",0,0.6666,0.0,0.782,0.218,0.6,POSITIVE,0.9993
182,3832857106,02/11/2021,4.0,A well written book. Enjoyed reading it.,0,0.6597,0.0,0.426,0.574,0.7,POSITIVE,0.9415
183,3833251518,02/11/2021,4.0,A well written book. Enjoyed reading it.,0,0.6597,0.0,0.426,0.574,0.7,POSITIVE,0.9415
184,3833325119,02/12/2021,4.0,A well written book. Enjoyed reading it.,0,0.6597,0.0,0.426,0.574,0.7,POSITIVE,0.9415
185,3835077692,02/13/2021,4.0,A well written book. Enjoyed reading it.,0,0.6597,0.0,0.426,0.574,0.7,POSITIVE,0.9415
186,3835108038,02/13/2021,4.0,A well written book. Enjoyed reading it.,0,0.6597,0.0,0.426,0.574,0.7,POSITIVE,0.9415
187,3835118477,02/13/2021,4.0,A well written book. Enjoyed reading it.,0,0.6597,0.0,0.426,0.574,0.7,POSITIVE,0.9415
188,3835134680,02/13/2021,4.0,A well written book. Enjoyed reading it.,0,0.6597,0.0,0.426,0.574,0.7,POSITIVE,0.9415
189,3835174252,02/13/2021,4.0,A well written book. Enjoyed reading it.,0,0.6597,0.0,0.426,0.574,0.7,POSITIVE,0.9415
190,3835203965,02/13/2021,4.0,A well written book. Enjoyed reading it.,0,0.6597,0.0,0.426,0.574,0.7,POSITIVE,0.9415
191,695962706,07/28/2021,4.0,She makes cooking look sexy. I love to read her ideas on throwing a party and the rules to follow and those to break.,0,0.8834,0.0,0.648,0.352,0.8,POSITIVE,0.9445
192,4392022221,12/16/2021,4.0,Nigella taught me that roasting a chicken is easy! Bless her and her 425 degree oven! Her tips on cooking from a stocked pantry made cooking for toddlers flexible and fun.,0,0.8881,0.0,0.685,0.315,0.6611111111111111,POSITIVE,0.9929
193,3832143289,02/11/2021,4.0,A well written book. Enjoyed reading it.,0,0.6597,0.0,0.426,0.574,0.7,POSITIVE,0.9415
194,3832573996,02/11/2021,4.0,A well written book. Enjoyed reading it.,0,0.6597,0.0,0.426,0.574,0.7,POSITIVE,0.9415
195,3832601752,02/11/2021,4.0,A well written book. Enjoyed reading it.,0,0.6597,0.0,0.426,0.574,0.7,POSITIVE,0.9415
196,3832618015,02/11/2021,4.0,A well written book. Enjoyed reading it.,0,0.6597,0.0,0.426,0.574,0.7,POSITIVE,0.9415
197,3832718981,02/11/2021,4.0,A well written book. Enjoyed reading it.,0,0.6597,0.0,0.426,0.574,0.7,POSITIVE,0.9415
198,3832745618,02/11/2021,4.0,A well written book. Enjoyed reading it.,0,0.6597,0.0,0.426,0.574,0.7,POSITIVE,0.9415
199,3832771933,02/11/2021,4.0,A well written book. Enjoyed reading it.,0,0.6597,0.0,0.426,0.574,0.7,POSITIVE,0.9415
200,3832978341,02/11/2021,4.0,A well written book. Enjoyed reading it.,0,0.6597,0.0,0.426,0.574,0.7,POSITIVE,0.9415
201,3833100630,02/11/2021,4.0,A well written book. Enjoyed reading it.,0,0.6597,0.0,0.426,0.574,0.7,POSITIVE,0.9415
202,1917584420,02/18/2017,4.0,"I'm not a recipe guy. I read cook books for images and commentary, trying to get a sense for what the writer thinks about cooking, while noting down ideas for future creations. There are two added pleasures in a Nigella Lawson cookbook for me. Firstly, she doesn't fuss about being correct and is unapologetic about being a traditionalist in many of the ways that matter (not necessarily in food!). Secondly, there are not-infrequent snaps of her in it, almost always with food (insert happy sigh here).The book is well divided, with recipes and ideas for many occasions and sentiments, from the very simple to the not complex. The clue is in the name ""express"" - these are not supposed to be difficult-to-execute dishes, but that doesn't make their flavor profiles thin.Some favorite quotables:""The thing is, whenever people, perhaps showing a slightly patronizing amusement at how often I cook (and maybe it's that which irks), claim that they themselves never have the time to cook, it makes me feel uncharacteristically aggressive. What I want to point out is that they are hardly using the time they save by not cooking writing War and Peace. I don't say that finding time to cook makes you a better person, but nor do I think that being ""too busy"" to cook means that your life has automatically higher purpose."" (p. 85)""...My mother could never resist finger bowls either, and there is something to be said for filling small dishes with warm water and a slice of lemon, and drop of rosewater too if you're exotically inclined, but on the whole people tend not to use them these days so your thoughtfulness may be wasted and you may be casting pearls before swine, if that's not too rude a way to talk about your friends."" (p. 193)""Instead of making a stuffing for the turkey, buy some good sausage meat from the butcher, and using your hands, wiggle some space between the skin and the breast of the bird and squeeze the sausage meat in there. In other words, you're stuffing the top of the bird (beneath the skin) rather than inside it...You can really blitz the bird, as the sausage meat stops the breast from drying out."" (p. 315)The photography in the book is a perfect complement to Nigella: unfussy, unhurried, and simple.",0,0.9917,0.026,0.84,0.134,0.4685920047031158,NEGATIVE,0.9996
203,3775942635,01/16/2021,5.0,Really loved Nigella's latest. Perfect timing for a indulgent comfort food cookbook. ,0,0.8858,0.0,0.435,0.565,0.9,POSITIVE,0.9979
204,2886604996,07/07/2019,4.0,I got a lot of inspiration from this book. My favorite recipe is the Tortilla Espanola. Her top-broiling technique has been way more successful than the traditional flip method.,0,0.8883,0.0,0.696,0.304,0.8,POSITIVE,0.9992
205,1687843951,07/04/2016,5.0,"Confession: I have a lot of cookbooks! I am an obsessive cookbook collector. I must admit I have some I've never cooked from, but love to look through and read. I have been known to read cookbooks cover to cover for the pleasure they give. But this book, Nigella Express, is a stalwart standby for me in the kitchen. The recipes are no-fail, and they always impress my guests. I have made the instant chocolate mousse for company many times, and everyone always loves it. The recipes are uncomplicated, the ingredients pared down to their essentials, but still somehow, the finished dish tastes like more than the sum of its parts. Of all Nigella's books, this is my favorite. If you like to cook and entertain but don't have a lot of time, do give this one a try. You won't be sorry.",0,0.9889,0.009,0.764,0.227,0.6507936507936508,POSITIVE,0.9989
206,3218352313,04/14/2020,2.0,"This book was mainly entertaining for the family to giggle at Nigella Lawson's very English writing while we cooked ordinary tasty food in the kitchen. I didn't cook much from this book because it has a lot of ingredients I wouldn't normally buy (coconut yogurt, truffle oil, scallops), or that the food seemed too frivolous for me to spend my time making it. It was fun to enjoy Lawson's jolly writing though. Maybe I should borrow it again another time when I am more in the mood for this type of cooking. ",0,0.9382,0.0,0.841,0.159,0.40625,NEGATIVE,0.9998
207,1780901162,10/10/2016,3.0,"Beautiful photos and funny, appealing writing. The only downside is that her recipes tend to have a LOT of saturated fat, salt and sugar. So that makes about 80% of them not highly nutritional. Nigella is such a great author, I hope she can progress to understanding that ""good food"" should also be top rate nutritional. ",0,0.9601,0.029,0.659,0.312,0.7100000000000001,POSITIVE,0.9987
208,1026885742,08/14/2014,5.0,Pictures of Recipes? Yes.Commentary on Recipes? Yes.Nutrition Facts? Nope.Recipe style? European.Any keepers? Lots. Here you'll find Nigella-style dishes with short ingredient lists and mostly fast cook times. ,0,0.0,0.0,1.0,0.0,0.4499999999999999,NEGATIVE,0.9988
209,730933713,09/11/2016,4.0,"A great cookbook with many recipes I'd like to try and a myriad of great suggestions. The only downside for me was many recipes using seafood which I can't eat (shellfish allergies). This is only a minor problem as many can be substituted with ease and it is, of course, only a personal problem! ",0,0.7959,0.118,0.668,0.215,0.65,POSITIVE,0.9988
210,1597434291,04/01/2016,,love Nigella cooking,0,0.6369,0.0,0.323,0.677,0.6,POSITIVE,0.9962
211,1694224357,07/10/2016,4.0,I was given this book as a birthday present - I found it great to have at home for fast food but needs more cultural food options too,0,0.3716,0.0,0.9,0.1,0.39,POSITIVE,0.9864
212,1698056217,07/14/2016,5.0,I loved this book and feel the Good Food Fast lives up to expectations - keeping this on my shelf for good!!!,0,0.8904,0.0,0.616,0.384,0.65,POSITIVE,0.9555
213,1822883877,04/04/2017,5.0,My fave recipe ever is in it. So duh of course I love this book.,0,0.7964,0.0,0.628,0.372,0.6,POSITIVE,0.9995
